age,salary,experience,salary_per_age
23.0,45000.0,2.0,1956.5217391304348
46.0,50000.0,3.0,1086.9565217391305
48.333333333333336,41666.666666666664,0.0,862.0689655172413
76.0,30000.0,1.0,394.7368421052632
